class,train,validation,test,epochs,lr,time(min),acc
345,1987200,496800,51750,100,0.00016,501.96942534446714,0.7169082125603865
