class,train,validation,test,epochs,lr,time(min),acc
345,552000,138000,34500,100,0.0001,196.52718055645624,0.6685507246376812